Workbook

Sheet raw_orders
A1: order_id | B1: order_date | C1: city | D1: promised_hours | E1: actual_hours | F1: order_amount
A2: 1 | B2: 45680 | C2: Delhi | D2: 36 | E2: 31 | F2: 1713
A3: 2 | B3: 45683 | C3: Mumbai | D3: 24 | E3: 22 | F3: 798
A4: 3 | B4: 45712 | C4: Delhi | D4: 24 | E4: 19 | F4: 1031
A5: 4 | B5: 45659 | C5: Chennai | D5: 24 | E5: 19 | F5: 1357
A6: 5 | B6: 45696 | C6: Mumbai | D6: 36 | E6: 39 | F6: 279
A7: 6 | B7: 45670 | C7: Mumbai | D7: 36 | E7: 34 | F7: 1729
A8: 7 | B8: 45689 | C8: Chennai | D8: 48 | E8: 48 | F8: 542
A9: 8 | B9: 45701 | C9: Delhi | D9: 36 | E9: 34 | F9: 1477
A10: 9 | B10: 45692 | C10: Chennai | D10: 36 | E10: 46 | F10: 882
A11: 10 | B11: 45692 | C11: Chennai | D11: 24 | E11: 27 | F11: 1513
A12: 11 | B12: 45673 | C12: Mumbai | D12: 36 | E12: 36 | F12: 843
A13: 12 | B13: 45707 | C13: Mumbai | D13: 48 | E13: 51 | F13: 1744
... A1001: 1000 | B1001: 45700 | C1001: Hyderabad | D1001: 36 | E1001: 34 | F1001: 1068

Sheet analysis
A1: order_id | B1: city | C1: promised_hours | D1: actual_hours | E1: SLA_STATUS | F1: Delay_Hours
A2: =raw_orders!A2 -> 1 | B2: =raw_orders!C2 -> Delhi | C2: =raw_orders!D2 -> 36 | D2: =raw_orders!E2 -> 31 | E2: =IF(D2<=C2,"SLA Met","SLA Breached") -> SLA Met | F2: =D2-C2 -> -5
A3: =raw_orders!A3 -> 2 | B3: =raw_orders!C3 -> Mumbai | C3: =raw_orders!D3 -> 24 | D3: =raw_orders!E3 -> 22 | E3: =IF(D3<=C3,"SLA Met","SLA Breached") -> SLA Met | F3: =D3-C3 -> -2
A4: =raw_orders!A4 -> 3 | B4: =raw_orders!C4 -> Delhi | C4: =raw_orders!D4 -> 24 | D4: =raw_orders!E4 -> 19 | E4: =IF(D4<=C4,"SLA Met","SLA Breached") -> SLA Met | F4: =D4-C4 -> -5
A5: =raw_orders!A5 -> 4 | B5: =raw_orders!C5 -> Chennai | C5: =raw_orders!D5 -> 24 | D5: =raw_orders!E5 -> 19 | E5: =IF(D5<=C5,"SLA Met","SLA Breached") -> SLA Met | F5: =D5-C5 -> -5
A6: =raw_orders!A6 -> 5 | B6: =raw_orders!C6 -> Mumbai | C6: =raw_orders!D6 -> 36 | D6: =raw_orders!E6 -> 39 | E6: =IF(D6<=C6,"SLA Met","SLA Breached") -> SLA Breached | F6: =D6-C6 -> 3
A7: =raw_orders!A7 -> 6 | B7: =raw_orders!C7 -> Mumbai | C7: =raw_orders!D7 -> 36 | D7: =raw_orders!E7 -> 34 | E7: =IF(D7<=C7,"SLA Met","SLA Breached") -> SLA Met | F7: =D7-C7 -> -2
A8: =raw_orders!A8 -> 7 | B8: =raw_orders!C8 -> Chennai | C8: =raw_orders!D8 -> 48 | D8: =raw_orders!E8 -> 48 | E8: =IF(D8<=C8,"SLA Met","SLA Breached") -> SLA Met | F8: =D8-C8 -> 0
A9: =raw_orders!A9 -> 8 | B9: =raw_orders!C9 -> Delhi | C9: =raw_orders!D9 -> 36 | D9: =raw_orders!E9 -> 34 | E9: =IF(D9<=C9,"SLA Met","SLA Breached") -> SLA Met | F9: =D9-C9 -> -2
A10: =raw_orders!A10 -> 9 | B10: =raw_orders!C10 -> Chennai | C10: =raw_orders!D10 -> 36 | D10: =raw_orders!E10 -> 46 | E10: =IF(D10<=C10,"SLA Met","SLA Breached") -> SLA Breached | F10: =D10-C10 -> 10
A11: =raw_orders!A11 -> 10 | B11: =raw_orders!C11 -> Chennai | C11: =raw_orders!D11 -> 24 | D11: =raw_orders!E11 -> 27 | E11: =IF(D11<=C11,"SLA Met","SLA Breached") -> SLA Breached | F11: =D11-C11 -> 3
A12: =raw_orders!A12 -> 11 | B12: =raw_orders!C12 -> Mumbai | C12: =raw_orders!D12 -> 36 | D12: =raw_orders!E12 -> 36 | E12: =IF(D12<=C12,"SLA Met","SLA Breached") -> SLA Met | F12: =D12-C12 -> 0
A13: =raw_orders!A13 -> 12 | B13: =raw_orders!C13 -> Mumbai | C13: =raw_orders!D13 -> 48 | D13: =raw_orders!E13 -> 51 | E13: =IF(D13<=C13,"SLA Met","SLA Breached") -> SLA Breached | F13: =D13-C13 -> 3
... A1001: =raw_orders!A1001 -> 1000 | B1001: =raw_orders!C1001 -> Hyderabad | C1001: =raw_orders!D1001 -> 36 | D1001: =raw_orders!E1001 -> 34 | E1001: =IF(D1001<=C1001,"SLA Met","SLA Breached") -> SLA Met | F1001: =D1001-C1001 -> -2
A1002: =raw_orders!A1002

Sheet dashboard
A1: Operations Performance Dashboard
A4: Total orders by city
A14: Total SLA_Met orders by city
A24: Table with required KPIs
A25: city | B25: SLA_Met | C25: Total_orders | D25: SLA%
A26: Bengaluru | B26: 83 | C26: 179 | D26: =B26/C26 -> 0.46368715
A27: Chennai | B27: 108 | C27: 213 | D27: =B27/C27 -> 0.50704225
A28: Delhi | B28: 102 | C28: 212 | D28: =B28/C28 -> 0.48113208
A29: Hyderabad | B29: 101 | C29: 194 | D29: =B29/C29 -> 0.52061856
A30: Mumbai | B30: 103 | C30: 202 | D30: =B30/C30 -> 0.50990099
A34: City-wise SLA Performance
A56: Insights:
A58: Insight - 1:
A59: Bengaluru shows high order volume but lower SLA %, indicating capacity constraints during peak hours.
A61: Insight - 2:
A62: Chennai shows increasing average delivery time, suggesting emerging operational delays that need monitoring.
